{
  "status": "success",
  "data": {
    "resultType": "matrix",
    "result": [
      {
        "metric": {
          "app": "netobserv-flowcollector"
        },
        "values": [
          [
            1689357240,
            "95.18611111111112"
          ],
          [
            1689357600,
            "95.86388888888888"
          ],
          [
            1689357960,
            "95.90277777777779"
          ],
          [
            1689358320,
            "94.43472222222222"
          ],
          [
            1689358680,
            "95.92777777777778"
          ],
          [
            1689359040,
            "95.40555555555557"
          ],
          [
            1689359400,
            "95.04722222222222"
          ],
          [
            1689359760,
            "95.82500000000002"
          ],
          [
            1689360120,
            "93.0513888888889"
          ],
          [
            1689360480,
            "94.64999999999999"
          ],
          [
            1689360840,
            "96.88194444444446"
          ]
        ]
      }
    ],
    "stats": {
      "summary": {
        "bytesProcessedPerSecond": 17608526,
        "linesProcessedPerSecond": 24920,
        "totalBytesProcessed": 74698211,
        "totalLinesProcessed": 105716,
        "execTime": 4.242161489,
        "queueTime": 63.642161992,
        "subqueries": 6,
        "totalEntriesReturned": 1
      },
      "querier": {
        "store": {
          "totalChunksRef": 0,
          "totalChunksDownloaded": 0,
          "chunksDownloadTime": 0,
          "chunk": {
            "headChunkBytes": 0,
            "headChunkLines": 0,
            "decompressedBytes": 0,
            "decompressedLines": 0,
            "compressedBytes": 0,
            "totalDuplicates": 0
          }
        }
      },
      "ingester": {
        "totalReached": 16,
        "totalChunksMatched": 448,
        "totalBatches": 139,
        "totalLinesSent": 67356,
        "store": {
          "totalChunksRef": 6,
          "totalChunksDownloaded": 6,
          "chunksDownloadTime": 3711023,
          "chunk": {
            "headChunkBytes": 15316800,
            "headChunkLines": 22003,
            "decompressedBytes": 59381411,
            "decompressedLines": 83713,
            "compressedBytes": 12306027,
            "totalDuplicates": 2793
          }
        }
      }
    }
  }
}
