{
  "status": "success",
  "data": {
    "resultType": "matrix",
    "result": [
      {
        "metric": {
          "app": "netobserv-flowcollector"
        },
        "values": [
          [
            1689617160,
            "8.827777777777778"
          ],
          [
            1689617520,
            "59.53194444444445"
          ],
          [
            1689617880,
            "99.40833333333333"
          ],
          [
            1689618240,
            "93.24583333333332"
          ],
          [
            1689618600,
            "91.00416666666668"
          ],
          [
            1689618960,
            "94.03194444444443"
          ],
          [
            1689619320,
            "94.5263888888889"
          ]
        ]
      }
    ],
    "stats": {
      "summary": {
        "bytesProcessedPerSecond": 47999449,
        "linesProcessedPerSecond": 67992,
        "totalBytesProcessed": 130651593,
        "totalLinesProcessed": 185072,
        "execTime": 2.721939405,
        "queueTime": 80.607792972,
        "subqueries": 6,
        "totalEntriesReturned": 1
      },
      "querier": {
        "store": {
          "totalChunksRef": 0,
          "totalChunksDownloaded": 0,
          "chunksDownloadTime": 0,
          "chunk": {
            "headChunkBytes": 0,
            "headChunkLines": 0,
            "decompressedBytes": 0,
            "decompressedLines": 0,
            "compressedBytes": 0,
            "totalDuplicates": 0
          }
        }
      },
      "ingester": {
        "totalReached": 48,
        "totalChunksMatched": 940,
        "totalBatches": 281,
        "totalLinesSent": 136138,
        "store": {
          "totalChunksRef": 6,
          "totalChunksDownloaded": 6,
          "chunksDownloadTime": 2791570,
          "chunk": {
            "headChunkBytes": 26920562,
            "headChunkLines": 38616,
            "decompressedBytes": 103731031,
            "decompressedLines": 146456,
            "compressedBytes": 22333756,
            "totalDuplicates": 0
          }
        }
      }
    }
  }
}
